id;street_address;postal_code;city;co
1;models CFP Franc Human;23491;Pfannerstillmouth;Configuration
2;Home Loan Account;30332;Runteview;experiences Sports Handcrafted Concrete Chicken
3;Passage optical Customer;42527;Port Carmel;Mandatory Berkshire
4;Buckinghamshire;28260;New Chadrick;override Chair Credit Card Account
5;Developer;17893;South Chanelview;invoice
6;indexing Ports;98769;Chaunceyport;North Dakota solution Incredible
7;Applications circuit hacking;24925;South Shirley;grow override Personal Loan Account
8;driver Alaska contextually-based;69935;Lake Novellaside;ubiquitous initiative Soap
9;Auto Loan Account program Shoes;79114;Tillmantown;grow
10;USB;62868;New Isabellemouth;quantifying
