id;invoice_reference;account_id;primary_billing_profile_id;exempt_from_vat;invoice_contact_phone;invoice_method;invoice_e_mail_address
1;Program invoice;Switchable Generic Credit Card Account;firewall;false;primary;synthesizing;Sleek
2;Principal;Borders Principal Fresh;Small Industrial District;true;silver Seamless;Frozen Cambridgeshire;parsing red withdrawal
3;Tactics program Congolese Franc;Island;Rubber;false;Palau;flexibility PCI;Fundamental mobile grey
4;Pants user-centric interface;Tenge Architect;infrastructure plum heuristic;false;Reverse-engineered Rustic;Communications Developer;Front-line
5;parsing parsing Brooks;Human integrated Mouse;withdrawal Sausages;true;Computers;architectures;Fresh override Avon
6;exploit;dot-com Investment Account New Zealand;Handcrafted Soft Keyboard Intranet fuchsia;false;adapter online;niches Hat Bedfordshire;Mississippi European Monetary Unit (E.M.U.-6)
7;Frozen array revolutionary;Licensed Fish;Cambridgeshire Customer-focused iterate;false;protocol blue Sausages;cyan software;Associate
8;RAM grey relationships;green Operations architectures;enhance;true;Orchestrator;District synergistic;reboot mobile
9;primary human-resource;Idaho Specialist;Decentralized calculating asynchronous;false;Outdoors;South Dakota New York;Cambridgeshire
10;technologies Guam;impactful;index Virginia;false;Myanmar task-force neural;Corporate National;Money Market Account Mississippi Right-sized
