id;first_name;last_name;email;phone;mobile_phone
1;Celestine;Padberg;Pattie68@yahoo.com;553-332-5625;Chief Electronics Rand
2;Destiny;McGlynn;Clifton_Buckridge@hotmail.com;401.109.3820 x3456;Licensed synthesize
3;Tevin;Legros;Erwin_OKon49@gmail.com;1-578-839-8845;Unbranded Concrete Shirt reboot Causeway
4;Jazlyn;Carroll;Sarina_Lindgren28@gmail.com;(253) 989-8166;synthesize Central viral
5;Brain;Kuhn;Emanuel_Abernathy@gmail.com;1-770-070-3556;Rupiah
6;Virgil;Rath;Rachel.Gulgowski32@yahoo.com;(089) 612-5739;Gloves Administrator reboot
7;Bella;Kilback;Eusebio_Koelpin61@hotmail.com;(384) 233-6371;Producer
8;Mya;Schiller;Jason91@yahoo.com;431-627-8953 x157;Incredible Fresh Bacon quantify alarm
9;Maud;Gaylord;Charlene75@hotmail.com;1-254-879-1860 x1200;Interactions
10;Reta;Eichmann;Angie_Prosacco15@yahoo.com;(519) 037-2026 x97362;invoice Cambridgeshire North Carolina
